-- phpMyAdmin SQL Dump
-- version 5.2.1
-- https://www.phpmyadmin.net/
--
-- Host: 127.0.0.1
-- Generation Time: Oct 09, 2025 at 11:31 AM
-- Server version: 10.4.28-MariaDB
-- PHP Version: 8.2.4

SET SQL_MODE = "NO_AUTO_VALUE_ON_ZERO";
START TRANSACTION;
SET time_zone = "+00:00";


/*!40101 SET @OLD_CHARACTER_SET_CLIENT=@@CHARACTER_SET_CLIENT */;
/*!40101 SET @OLD_CHARACTER_SET_RESULTS=@@CHARACTER_SET_RESULTS */;
/*!40101 SET @OLD_COLLATION_CONNECTION=@@COLLATION_CONNECTION */;
/*!40101 SET NAMES utf8mb4 */;

--
-- Database: `ratmer`
--

-- --------------------------------------------------------

--
-- Table structure for table `employee`
--

CREATE TABLE `employee` (
  `id` int(255) NOT NULL,
  `name` varchar(100) NOT NULL,
  `num_T` varchar(100) NOT NULL,
  `data_prth` varchar(100) NOT NULL,
  `address` varchar(100) NOT NULL,
  `Salary` int(100) NOT NULL,
  `Job` varchar(100) NOT NULL,
  `nots` varchar(500) NOT NULL,
  `image_path` varchar(100) NOT NULL,
  `is_active` int(11) NOT NULL DEFAULT 1
) ENGINE=InnoDB DEFAULT CHARSET=utf8mb4 COLLATE=utf8mb4_general_ci;

--
-- Dumping data for table `employee`
--

INSERT INTO `employee` (`id`, `name`, `num_T`, `data_prth`, `address`, `Salary`, `Job`, `nots`, `image_path`, `is_active`) VALUES
(1, 'labtob', 'erth', 'ert', 'htr', 45, 'ghe', 'iraq', '', 1),
(2, 'птан', '45ппр', '5588', 'рннйц', 77, 'охрана', 'хорошо', '', 1),
(3, 'kkk', 'kkkk', '6666k', 'kkkkkkk', 6666666, 'kkkkkkkkkk', 'kkkkkkkkkkk', '', 1),
(4, 'LENOVO 13', '07718263756', '1994-03-12', 'russah', 45, 'kkkkkkkkkk', 'اتصل العميل و طلب اضافه خدمات للاستراك . مثلا طلب طبع حمبع المواعيد الموجوده في النضام و امكانيه ارسال رساله الى العميل . و قال انه مستعد لدغع الكباله التي تترتب عليه ', '', 1),
(5, 'shorma', 'пкурр', '45п', 'ике', 0, 'огл', 'кенн', '', 0),
(7, 'www', 'www', 'www', 'www', 0, 'www', 'www', '', 1),
(8, 'ali samee mohamed', '9884134453', '03/01/1995', 'demasc/14rmadan/entry12', 3000, 'garde', 'no thing for naw', '', 0),
(9, 'andre', '0034215567', '07/04/1995', 'musco/gesteprode/entry num3', 4000, 'garde', 'no thing for naw', '', 0),
(10, 'Ahmed Kareem', '07712345678', '1994-03-12', 'Baghdad, Al-Mansour, Street 62', 850, 'Network Technician', 'Works efficiently under pressure, needs improvement in documentation.', '', 1),
(11, 'Аксенова Милица Артемовна', '81115194045', '26/11/1992', 'г. Краснодар, наб. Шаумяна, д. 27', 3402, 'наблюдатель', 'Имеет опыт в строительных охранах.', '', 1),
(12, 'Сысоева Олимпиада Наумовна', '+7 990 369 48 62', '03/12/1971', 'г. Краснодар, алл. Революции, д. 27', 2277, 'наблюдатель', 'Работает хорошо, пунктуален.', '', 1),
(13, 'Пономарев Парфен Егорович', '+7 (641) 696-9663', '19/09/1980', 'г. Краснодар, пер. Космонавтов, д. 79', 2054, 'наблюдатель', 'Есть прошлое уголовное дело.', '', 1),
(14, 'Элеонора Владимировна Горшкова', '8 (857) 143-99-55', '28/02/1977', 'г. Краснодар, ш. Элеваторное, д. 58', 3633, 'охранник', 'Нарушал график в прошлом месяце.', '', 1),
(15, 'Владимир Вячеславович Галкин', '+7 (748) 667-2136', '10/07/1980', 'г. Краснодар, пр. Солнечный, д. 33', 3226, 'охранник', 'Имеет опыт в строительных охранах.', '', 1),
(16, 'Юлия Аркадьевна Трофимова', '+7 921 654 32 11', '15/05/1985', 'г. Краснодар, ул. Мира, д. 101', 2120, 'охранник', 'Требует дополнительного обучения.', '', 1),
(17, 'Роман Сергеевич Фролов', '89105547812', '02/03/1990', 'г. Краснодар, ул. Красная, д. 12', 3560, 'охранник', 'Ответственный и пунктуальный.', '', 1),
(18, 'Марина Васильевна Игнатьева', '8 905 111 22 33', '18/08/1983', 'г. Краснодар, ул. Северная, д. 88', 2750, 'бухгалтер', 'Имеет опыт в налоговом учете.', '', 1),
(19, 'Артём Олегович Кузнецов', '+7 (953) 641-73-95', '07/11/1996', 'г. Краснодар, ул. Строителей, д. 45', 1980, 'охранник', 'Проявляет инициативу.', '', 1),
(20, 'Тамара Ивановна Белова', '89031234567', '23/06/1972', 'г. Краснодар, ул. Калинина, д. 10', 1890, 'охранник', 'Хорошо взаимодействует с клиентами.', '', 1),
(21, 'Николай Викторович Павлов', '+7 965 908 44 66', '30/04/1987', 'г. Краснодар, пр. Победы, д. 9', 4200, 'охранник', 'Прошел тренинг по охране.', '', 1),
(22, 'Светлана Александровна Шевченко', '8 (918) 777-77-77', '10/01/1984', 'г. Краснодар, ул. Коммунаров, д. 15', 2150, 'ассистент директора', 'Организована и пунктуальна.', '', 1),
(23, 'Иван Петрович Смирнов', '89033442255', '05/12/1991', 'г. Краснодар, ул. Тургенева, д. 54', 3300, 'охранник', 'Просит перевести в ночные смены.', '', 1),
(24, 'Елена Дмитриевна Соколова', '+7 927 345 67 89', '14/09/1988', 'г. Краснодар, ул. Ленина, д. 76', 4000, 'охранник', 'Стабильная работа, без замечаний.', '', 1),
(25, 'Максим Юрьевич Никитин', '8 900 555 44 22', '11/02/1993', 'г. Краснодар, ул. Российская, д. 3', 3600, 'охранник', 'Желает работать в выходные.', '', 1),
(26, 'Галина Степановна Морозова', '89211234567', '25/03/1979', 'г. Краснодар, ул. Тихая, д. 19', 2500, 'охранник', 'Быстро обучается.', '', 1),
(27, 'Константин Игоревич Орлов', '+7 (964) 123-45-67', '29/07/1990', 'г. Краснодар, ул. Фестивальная, д. 9', 1720, 'genril охранник ', 'Требует контроля посещаемости.', '', 1),
(28, 'Ольга Сергеевна Демидова', '89508887766', '20/10/1986', 'г. Краснодар, ул. Гаражная, д. 24', 3100, 'администратор', 'Сильные управленческие навыки.', '', 1),
(29, 'Денис Николаевич Воронов', '+7 902 666 77 88', '01/04/1995', 'г. Краснодар, ул. Ставропольская, д. 58', 2950, 'охранник', 'Проявляет интерес к дополнительной работе.', '', 1),
(30, 'Алина Владимировна Богданова', '8 (912) 333-44-55', '08/07/1982', 'г. Краснодар, ул. Ярославская, д. 6', 3700, 'охранник', 'Хорошо ориентируется в документации.', '', 1),
(31, '', '', '', '', 0, '', '', '', 1),
(32, 'johnny depp', '+79038745893', '10.10.2000', 'moscovskaea28', 3000, 'охрана', 'this person is good', '', 0),
(33, 'HUSSEN', '0999', '1222', 'montagnkov 1', 3000, 'охрана', 'good', '', 1),
(34, 'jjjjj', '777777', '7777', 'jjjjjjj', 777, 'jjjjjjj', 'jjjjjjjjj', 'uploads/0_WhatsApp Image 2023-02-19 at 21.46.43.jpeg', 1),
(35, 'asmar', '2333', '423', 'sdfg', 2323, 'hreth', 'good', 'uploads/asmar_20250823_105920.png', 1),
(36, 'shorma', 'erth', '5588', 'рннйц', 3000, 'охрана', 'iraq', 'uploads/shorma_2025_m_d_H.png', 1),
(37, 'cc', 'cc', 'fffff', 'cc', 50000, 'cc', 'cc', 'C:\\fakepath\\WhatsApp Image 2024-04-02 at 10.58.04 PM.jpeg', 1);

-- --------------------------------------------------------

--
-- Table structure for table `list_points_checkd`
--

CREATE TABLE `list_points_checkd` (
  `id` int(11) NOT NULL,
  `id_check_point` int(100) NOT NULL,
  `dataD` date NOT NULL DEFAULT current_timestamp(),
  `timeD` time NOT NULL DEFAULT current_timestamp()
) ENGINE=InnoDB DEFAULT CHARSET=utf8mb4 COLLATE=utf8mb4_general_ci;

--
-- Dumping data for table `list_points_checkd`
--

INSERT INTO `list_points_checkd` (`id`, `id_check_point`, `dataD`, `timeD`) VALUES
(3, 7, '2025-08-22', '15:56:46'),
(4, 7, '2025-08-22', '16:16:56'),
(5, 5, '2025-08-22', '16:17:47'),
(6, 1, '2025-08-22', '16:17:47'),
(7, 1, '2025-08-22', '18:25:26'),
(8, 1, '2025-08-22', '20:45:29'),
(9, 1, '2025-08-21', '20:45:29'),
(10, 1, '2025-08-21', '22:45:29'),
(11, 2, '2025-08-21', '22:45:29'),
(12, 3, '2025-08-21', '22:45:29');

-- --------------------------------------------------------

--
-- Table structure for table `points_chick`
--

CREATE TABLE `points_chick` (
  `id` int(11) NOT NULL,
  `id_project` int(100) NOT NULL,
  `name_point` varchar(100) NOT NULL,
  `Coordinates` varchar(100) NOT NULL,
  `id_entry_emp` int(100) NOT NULL
) ENGINE=InnoDB DEFAULT CHARSET=utf8mb4 COLLATE=utf8mb4_general_ci;

--
-- Dumping data for table `points_chick`
--

INSERT INTO `points_chick` (`id`, `id_project`, `name_point`, `Coordinates`, `id_entry_emp`) VALUES
(1, 14, '3 floor sectoin miting', '45.050438, 38.958060', 33),
(2, 14, '3 floor resaption', '45.051908, 38.954389', 12),
(3, 14, '2 floor entry	', '45.052726, 39.007028', 15),
(4, 6, 'приход н4', '36.050438, 18.958060', 41),
(5, 4, 'главни приход', '45.059217, 38.962773', 11),
(6, 15, 'приход н4', '36.050438, 18.958060', 14),
(7, 18, 'главни приход', '45.059217, 38.962773', 41);

-- --------------------------------------------------------

--
-- Table structure for table `project_guards`
--

CREATE TABLE `project_guards` (
  `id` int(11) NOT NULL,
  `project_id` int(100) DEFAULT NULL,
  `project_name` varchar(100) NOT NULL,
  `employee_id` int(100) DEFAULT NULL,
  `employee_name` varchar(100) NOT NULL,
  `start_date` date DEFAULT current_timestamp(),
  `end_date` varchar(100) NOT NULL,
  `emp` varchar(100) NOT NULL,
  `nots` varchar(500) NOT NULL,
  `is_active` tinyint(1) NOT NULL DEFAULT 1
) ENGINE=InnoDB DEFAULT CHARSET=utf8mb4 COLLATE=utf8mb4_general_ci;

--
-- Dumping data for table `project_guards`
--

INSERT INTO `project_guards` (`id`, `project_id`, `project_name`, `employee_id`, `employee_name`, `start_date`, `end_date`, `emp`, `nots`, `is_active`) VALUES
(12, 5, 'scol numer 90', 3, 'kkk', '0000-00-00', '555', 'er', 'tring', 1),
(13, 5, 'scol numer 90', 9, 'andre', '0000-00-00', 'tr4t', 'er', 'time', 1),
(14, 5, 'scol numer 90', 8, 'ali samee mohamed', '0000-00-00', 'tr4t', 'er', 'اتصل العميل و طلب اضافه خدمات للاستراك . مثلا طلب طبع حمبع المواعيد الموجوده في النضام و امكانيه ارسال رساله الى العميل . و قال انه مستعد لدغع الكباله التي تترتب عليه ', 1),
(15, 4, 'mfitins', 8, 'ali samee mohamed', '0000-00-00', '', '', ' can refer to various things, depending on the context. It could be a physical area within a building or complex, a section within a larger security organization', 1),
(16, 4, 'mfitins', 5, 'shorma', '0000-00-00', '', '', 'or a specific area of focus within a broader security strategy. It could also refer to a legal section defining security-related matters, such as Section', 1),
(17, 4, 'mfitins', 9, 'andre', '0000-00-00', '', '', 'or a specific area of focus within a broader security strategy. It could also refer to a legal section defining security-related matters, such as Section', 1),
(18, 6, 'Project Alpha – Network Expansion', 10, 'Ahmed Kareem', '0000-00-00', '2025-7-27', 'ali samee mohamed', 'good', 0),
(19, 6, 'Project Alpha – Network Expansion', 8, 'ali samee mohamed', '0000-00-00', '2025-7-27', 'علي', 'tring', 0),
(20, 3, 'dd', 10, 'Ahmed Kareem', '0000-00-00', '', 'ali', 'so thit', 1),
(21, 4, 'mfitins', 10, 'Ahmed Kareem', '0000-00-00', '', 'ali', 'so thit', 1),
(22, 6, 'Project Alpha – Network Expansion', 9, 'andre', '2025-07-26', '', 'ali', 'iraq', 0),
(23, 7, 'Охрана банка', 29, 'Денис Николаевич Воронов', '2025-07-31', '', 'abdolaah', '', 1),
(28, 3, 'dd', 11, 'Аксенова Милица Артемовна', '2024-01-15', '', 'Ahmed Kareem', 'تم تعيين الحارس بنجاح.', 1),
(29, 4, 'mfitins', 12, 'Сысоева Олимпиада Наумовна', '2024-02-01', '', 'andre', 'حارس ليلي معتمد.', 1),
(30, 5, 'scol numer 90', 13, 'Пономарев Парфен Егорович', '2024-02-10', '', 'ali samee mohamed', 'guard assigned for evening shift.', 1),
(31, 6, 'Project Alpha – Network Expansion', 14, 'Элеонора Владимировна Горшкова', '2024-03-05', '', 'Ahmed Kareem', 'نقل إلى الموقع الجديد.', 1),
(32, 7, 'Охрана банка', 15, 'Владимир Вячеславович Галкин', '2024-03-15', '', 'andre', 'Experienced guard.', 1),
(33, 8, 'Школа №12', 16, 'Юлия Аркадьевна Трофимова', '2024-04-01', '', 'ali samee mohamed', 'تم الإرسال بتوصية.', 1),
(34, 9, 'Торговый центр \"Юг\"', 17, 'Роман Сергеевич Фролов', '2024-04-15', '', 'Ahmed Kareem', 'مناسب للدوام الكامل.', 1),
(35, 10, 'Завод \"МеталСтрой\"', 18, 'Марина Васильевна Игнатьева', '2024-04-20', '', 'andre', 'استلم مهامه بنجاح.', 1),
(36, 11, 'Госпиталь \"Здоровье\"', 19, 'Артём Олегович Кузнецов', '2024-05-01', '', 'ali samee mohamed', 'guard with medical background.', 1),
(37, 12, 'Жилой комплекс \"Солнечный\"', 20, 'Тамара Ивановна Белова', '2024-05-10', '', 'Ahmed Kareem', 'دوام نهاري.', 1),
(38, 13, 'Гостиница \"Южная\"', 21, 'Николай Викторович Павлов', '2024-05-18', '', 'andre', 'سجله نظيف.', 1),
(39, 14, 'Университет КГУ', 22, 'Светлана Александровна Шевченко', '2024-06-01', '', 'ali samee mohamed', 'تم تدريبه مسبقًا.', 1),
(40, 15, 'Бизнес-центр \"Кубань\"', 23, 'Иван Петрович Смирнов', '2024-06-15', '', 'Ahmed Kareem', 'مناسب للأدوار الرسمية.', 1),
(41, 16, 'Детский сад №33', 24, 'Елена Дмитриевна Соколова', '2024-07-01', '', 'andre', 'guard for morning shift.', 1),
(42, 3, 'dd', 25, 'Максим Юрьевич Никитин', '2024-07-10', '', 'ali samee mohamed', 'حارس جديد.', 1),
(43, 4, 'mfitins', 26, 'Галина Степановна Морозова', '2024-07-20', '', 'Ahmed Kareem', 'بداية موفقة.', 1),
(44, 5, 'scol numer 90', 11, 'Аксенова Милица Артемовна', '2024-08-01', '', 'andre', 'تم نقله من مشروع آخر.', 1),
(45, 6, 'Project Alpha – Network Expansion', 12, 'Сысоева Олимпиада Наумовна', '2024-08-10', '', 'ali samee mohamed', 'نظام الدوام الليلي.', 1),
(46, 7, 'Охрана банка', 13, 'Пономарев Парфен Егорович', '2024-08-15', '', 'Ahmed Kareem', 'مراقبة رئيسية.', 1),
(47, 8, 'Школа №12', 14, 'Элеонора Владимировна Горшкова', '2024-08-20', '', 'andre', 'تم فحص خلفيته.', 1),
(48, 9, 'Торговый центр \"Юг\"', 15, 'Владимир Вячеславович Галкин', '2024-08-25', '', 'ali samee mohamed', 'تم تدريبه داخليًا.', 1),
(49, 10, 'Завод \"МеталСтрой\"', 16, 'Юлия Аркадьевна Трофимова', '2024-09-01', '', 'Ahmed Kareem', 'حارس بديل.', 1),
(50, 11, 'Госпиталь \"Здоровье\"', 17, 'Роман Сергеевич Фролов', '2024-09-10', '', 'andre', 'دوام كامل.', 1),
(51, 12, 'Жилой комплекс \"Солнечный\"', 18, 'Марина Васильевна Игнатьева', '2024-09-15', '', 'ali samee mohamed', 'مراقبة الكاميرات.', 1),
(52, 13, 'Гостиница \"Южная\"', 19, 'Артём Олегович Кузнецов', '2024-09-20', '', 'Ahmed Kareem', 'shift approved.', 1),
(53, 14, 'Университет КГУ', 20, 'Тамара Ивановна Белова', '2024-09-25', '', 'andre', 'تم تعيينه مؤخرًا.', 1),
(54, 15, 'Бизнес-центр \"Кубань\"', 21, 'Николай Викторович Павлов', '2024-10-01', '', 'ali samee mohamed', 'تمت الموافقة الأمنية.', 1),
(55, 16, 'Детский сад №33', 22, 'Светлана Александровна Шевченко', '2024-10-05', '', 'Ahmed Kareem', 'تم التأكد من أوراقه.', 1),
(56, 3, 'dd', 23, 'Иван Петрович Смирнов', '2024-10-10', '', 'andre', 'حارس دعم.', 1),
(57, 4, 'mfitins', 24, 'Елена Дмитриевна Соколова', '2024-10-15', '', 'ali samee mohamed', 'دوام خاص.', 1),
(58, 5, 'scol numer 90', 25, 'Максим Юрьевич Никитин', '2024-10-20', '', 'Ahmed Kareem', 'تحت المراقبة.', 1),
(59, 6, 'Project Alpha – Network Expansion', 26, 'Галина Степановна Морозова', '2024-10-25', '', 'andre', 'مناسب للمهام الطويلة.', 1),
(60, 7, 'Охрана банка', 11, 'Аксенова Милица Артемовна', '2024-11-01', '', 'ali samee mohamed', 'دوام احتياطي.', 1),
(61, 8, 'Школа №12', 12, 'Сысоева Олимпиада Наумовна', '2024-11-05', '', 'Ahmed Kareem', 'تمت تجربته مسبقًا.', 1),
(62, 9, 'Торговый центр \"Юг\"', 13, 'Пономарев Парфен Егорович', '2024-11-10', '', 'andre', 'نظام تناوبي.', 1),
(63, 10, 'Завод \"МеталСтрой\"', 14, 'Элеонора Владимировна Горшкова', '2024-11-15', '', 'ali samee mohamed', 'دوام كامل.', 1),
(64, 11, 'Госпиталь \"Здоровье\"', 15, 'Владимир Вячеславович Галкин', '2024-11-20', '', 'Ahmed Kareem', 'يتطلب تقرير أسبوعي.', 1),
(65, 12, 'Жилой комплекс \"Солнечный\"', 16, 'Юлия Аркадьевна Трофимова', '2024-11-25', '', 'andre', 'تم الموافقة من الإدارة.', 1),
(66, 13, 'Гостиница \"Южная\"', 17, 'Роман Сергеевич Фролов', '2024-12-01', '', 'ali samee mohamed', 'دوام جزئي.', 1),
(67, 14, 'Университет КГУ', 18, 'Марина Васильевна Игнатьева', '2024-12-05', '', 'Ahmed Kareem', 'مراقب للمبنى.', 1),
(68, 15, 'Бизнес-центр \"Кубань\"', 19, 'Артём Олегович Кузнецов', '2024-12-10', '', 'andre', 'نقل مؤقت.', 1),
(69, 16, 'Детский сад №33', 20, 'Тамара Ивановна Белова', '2024-12-15', '', 'ali samee mohamed', 'موصى به.', 1),
(70, 3, 'dd', 21, 'Николай Викторович Павлов', '2024-12-20', '', 'Ahmed Kareem', 'تم تدريبه حديثًا.', 1),
(71, 4, 'mfitins', 22, 'Светлана Александровна Шевченко', '2024-12-25', '', 'andre', 'حارس احتياطي.', 1),
(72, 5, 'scol numer 90', 23, 'Иван Петрович Смирнов', '2025-01-01', '', 'ali samee mohamed', 'دوام نهاري.', 1),
(73, 6, 'Project Alpha – Network Expansion', 24, 'Елена Дмитриевна Соколова', '2025-01-05', '', 'Ahmed Kareem', 'دوام دائم.', 1),
(74, 13, 'Гостиница \"Южная\"', 29, 'Денис Николаевич Воронов', '2025-07-31', '', 'abdolaah', '', 1),
(75, 15, 'Бизнес-центр \"Кубань\"', 21, 'Николай Викторович Павлов', '2025-07-31', '', 'abdolaah', '', 1),
(76, 10, 'Завод \"МеталСтрой\"', 32, 'johnny depp', '2025-08-18', '', '12', 'good', 1),
(77, 4, 'mfitins', 20, 'Тамара Ивановна Белова', '2025-08-18', '', '34', 'no thing', 1),
(78, 8, 'Школа №12', 33, 'HUSSEN', '2025-08-20', '', '13', 'GOOD EMP', 1),
(79, 6, 'Project Alpha – Network Expansion', 15, 'Владимир Вячеславович Галкин', '2025-08-22', '', '13', 'fss', 1),
(80, 4, 'mfitins', 32, 'johnny depp', '2025-08-22', '', 'ali', 'sd', 1),
(81, 17, 'mega fone', 33, 'HUSSEN', '2025-08-22', '', 'rrr', 'gdsf', 1),
(82, 8, 'Школа №12', 10, 'Ahmed Kareem', '2025-08-31', '', '44', 'تمام', 1),
(83, 18, 'GENRASHIN', 33, 'HUSSEN', '2025-09-07', '', '12', 'good', 1),
(84, 18, 'GENRASHIN', 32, 'johnny depp', '2025-09-07', '', '12', 'nurm', 1),
(85, 9, 'Торговый центр \"Юг\"', 13, 'Пономарев Парфен Егорович', '2025-10-01', '', '143', 'new work in our shift', 1),
(86, 3, 'dd', 2, 'птан', '2025-10-01', '', '32', 'отлично', 1),
(87, 3, 'dd', 3, 'kkk', '2025-10-01', '', '52', 'сто', 1);

-- --------------------------------------------------------

--
-- Table structure for table `projuct`
--

CREATE TABLE `projuct` (
  `id` int(255) NOT NULL,
  `title` varchar(100) NOT NULL,
  `address` varchar(100) NOT NULL,
  `q_person` int(100) NOT NULL,
  `ses_work` varchar(100) NOT NULL,
  `start_time_work` varchar(100) NOT NULL,
  `sum_of_proj` int(100) NOT NULL,
  `pers_of_proj` varchar(100) NOT NULL,
  `n_phone` varchar(100) NOT NULL,
  `sel_emp` int(100) NOT NULL,
  `nots` varchar(500) NOT NULL,
  `is_active` tinyint(1) NOT NULL DEFAULT 1
) ENGINE=InnoDB DEFAULT CHARSET=utf8mb4 COLLATE=utf8mb4_general_ci;

--
-- Dumping data for table `projuct`
--

INSERT INTO `projuct` (`id`, `title`, `address`, `q_person`, `ses_work`, `start_time_work`, `sum_of_proj`, `pers_of_proj`, `n_phone`, `sel_emp`, `nots`, `is_active`) VALUES
(3, 'dd', 'sdh', 45, '24', '24:00', 45, 'sdfh', 'sdfh', 78, 'sdfh', 0),
(4, 'mfitins', 'montagnkov999', 3, '6', '08:00', 150000, 'maxem', '34430098642', 3000, 'good', 1),
(5, 'scol numer 90', 'derzenkva 43', 9, '12', '07:00', 90000, 'sergay', '9568831556', 1800, 'no thing for naw', 0),
(6, 'Project Alpha – Network Expansion', 'Erbil, 100m Street, Building 12', 7, '12', '07:00', 12500000, 'Hussein Al-Rikabi', '07504567890', 70, 'Project progressing well, minor delays due to equipment shipment.', 1),
(7, 'Охрана банка', 'Краснодар, ул. Красная, д. 45', 5, '12', '07:00', 250000, 'Иван Петров', '79134567890', 3000, 'Охранник должен быть на посту вовремя.', 1),
(8, 'Школа №12', 'Краснодар, ул. Ленина, д. 12', 3, '24', '08:00', 180000, 'Елена Смирнова', '79876543210', 2200, 'Обязательна проверка каждого входа каждые 30 минут.', 1),
(9, 'Торговый центр \"Юг\"', 'Краснодар, ул. Ставропольская, д. 30', 6, '24', '24:00', 450000, 'Алексей Кузнецов', '79603456789', 4800, 'На территории дежурит два охранника с рацией.', 1),
(10, 'Завод \"МеталСтрой\"', 'Краснодар, ул. Тургенева, д. 99', 12, '24', '08:00', 500000, 'Сергей Новиков', '79034561234', 5000, 'Каждые 30 минут обход территории обязателен.', 1),
(11, 'Госпиталь \"Здоровье\"', 'Краснодар, ул. Северная, д. 17', 4, '24', '08:00', 200000, 'Ольга Дмитриева', '79245678901', 2500, 'Особое внимание к входу в реанимацию.', 1),
(12, 'Жилой комплекс \"Солнечный\"', 'Краснодар, ул. Московская, д. 8', 7, '24', '24:00', 350000, 'Павел Орлов', '79876543221', 4000, 'Охрана обязана проверять все подъезды каждые 45 минут.', 1),
(13, 'Гостиница \"Южная\"', 'Краснодар, ул. Калинина, д. 23', 2, '6', '08:00', 170000, 'Мария Иванова', '79087654321', 2000, 'Контроль посетителей и камер наблюдения.', 1),
(14, 'Университет КГУ', 'Краснодар, ул. Зиповская, д. 5', 9, '6', '08:00', 490000, 'Дмитрий Егоров', '79786543210', 4700, 'Наблюдение в аудиториях и общежитиях обязательно.', 1),
(15, 'Бизнес-центр \"Кубань\"', 'Краснодар, ул. Коммунаров, д. 50', 8, '12', '07:00', 320000, 'Виктория Белова', '79345678987', 3900, 'Регулярный патруль по всем этажам.', 1),
(16, 'Детский сад №33', 'Краснодар, ул. Восточно-Кругликовская, д. 13', 3, '12', '08:00', 160000, 'Анна Ковалева', '79564321876', 1800, 'Тщательный контроль входа и выхода детей.', 1),
(17, 'mega fone', ' krhasnea 33', 5, '24', '24:00', 130000, 'pasha ', '+79948125674', 3400, 'evry 40 mints shod to make araond', 0),
(18, 'GENRASHIN', 'рннйц', 5, '12', '07:00', 15000, 'ANDRE', '+79948125674', 10, 'time', 1);

-- --------------------------------------------------------

--
-- Table structure for table `salary_history`
--

CREATE TABLE `salary_history` (
  `id` int(11) NOT NULL,
  `emp_id` int(50) NOT NULL,
  `project_id` int(50) NOT NULL,
  `pay_method` varchar(100) NOT NULL,
  `pay_for` varchar(100) NOT NULL,
  `sum` int(50) NOT NULL,
  `data_entry_clerk_id` int(50) DEFAULT NULL,
  `process_supervisor_id` int(50) DEFAULT NULL,
  `responsible_emp_id` int(50) DEFAULT NULL,
  `nots` varchar(255) NOT NULL,
  `done_or_not` int(10) NOT NULL
) ENGINE=InnoDB DEFAULT CHARSET=utf8mb4 COLLATE=utf8mb4_general_ci;

--
-- Dumping data for table `salary_history`
--

INSERT INTO `salary_history` (`id`, `emp_id`, `project_id`, `pay_method`, `pay_for`, `sum`, `data_entry_clerk_id`, `process_supervisor_id`, `responsible_emp_id`, `nots`, `done_or_not`) VALUES
(1, 20, 14, 'option2', '2025-08', 51700, 0, 0, 0, 'asfba', 0),
(2, 18, 14, 'option1', '2025-04', 70500, NULL, NULL, NULL, 'all good', 0),
(3, 22, 14, 'зарплата', '2025-08', 9400, NULL, NULL, NULL, 'Регистрация присутствия\r\n', 0),
(4, 8, 5, 'аванс', '2025-07', 3600, NULL, NULL, NULL, 'gtomly', 0),
(5, 9, 5, 'други', '2025-06', 3600, NULL, NULL, NULL, 'كل شيء على ما يرام', 0),
(6, 9, 5, 'зарплата', '2025-06', 1800, NULL, NULL, NULL, 'صضثث', 0),
(7, 9, 5, 'аванс', '2025-08', 25000, NULL, NULL, NULL, 'تم استلام الراتب', 0),
(8, 9, 5, 'зарплата', '2025-11', 36000, NULL, NULL, NULL, 'جيد', 0),
(9, 22, 14, 'аванс', '2025-09', 15000, NULL, NULL, NULL, 'all very good', 0),
(10, 20, 14, 'аванс', '2025-09', 31000, NULL, NULL, NULL, '', 0),
(11, 20, 14, 'зарплата', '2025-09', 25400, NULL, NULL, NULL, 'ALL MUNY ', 0),
(12, 20, 14, 'аванс', '2025-08', 3537, NULL, NULL, NULL, 'Уважаемый сотрудник, за систематические опоздания в течение десяти рабочих дней августа 2025 года вам назначен штраф в размере пять тысяч рублей. Подробности будут изложены в официальном уведомлении.', 0),
(13, 21, 14, 'аванс', '2025-08', 25000, NULL, NULL, NULL, 'Уважаемый сотрудник, за систематические опоздания в течение десяти рабочих дней августа 2025 года вам назначен штраф в размере пять тысяч рублей. Подробности будут изложены в официальном уведомлении.', 0),
(14, 22, 14, 'аванс', '2025-08', 31500, NULL, NULL, NULL, 'Уважаемый сотрудник, за систематические опоздания в течение десяти рабочих дней августа 2025 года вам назначен штраф в размере пять тысяч рублей. Подробности будут изложены в официальном уведомлении.', 0),
(15, 23, 14, 'аванс', '2025-08', 30000, NULL, NULL, NULL, 'Уважаемый сотрудник, за систематические опоздания в течение десяти рабочих дней августа 2025 года вам назначен штраф в размере пять тысяч рублей. Подробности будут изложены в официальном уведомлении.', 0),
(16, 24, 14, 'аванс', '2025-08', 36030, NULL, NULL, NULL, 'Уважаемый сотрудник, за систематические опоздания в течение десяти рабочих дней августа 2025 года вам назначен штраф в размере пять тысяч рублей. Подробности будут изложены в официальном уведомлении.', 0);

-- --------------------------------------------------------

--
-- Table structure for table `users`
--

CREATE TABLE `users` (
  `id` int(11) NOT NULL,
  `username` varchar(100) NOT NULL,
  `password` varchar(100) NOT NULL,
  `role` varchar(100) NOT NULL
) ENGINE=InnoDB DEFAULT CHARSET=utf8mb4 COLLATE=utf8mb4_general_ci;

--
-- Dumping data for table `users`
--

INSERT INTO `users` (`id`, `username`, `password`, `role`) VALUES
(1, 'asmar', 'asmar1234', 'admin'),
(2, 'husen', '1996', 'supadmin'),
(3, 'aaa', '321', 'emp');

-- --------------------------------------------------------

--
-- Table structure for table `work_shifts`
--

CREATE TABLE `work_shifts` (
  `id` int(11) NOT NULL,
  `employee_id_input` int(100) NOT NULL,
  `project_id_input` int(100) NOT NULL,
  `start_day` varchar(100) NOT NULL,
  `start_time` varchar(100) NOT NULL,
  `end_day` varchar(100) NOT NULL,
  `end_time` varchar(100) NOT NULL,
  `file_path` varchar(100) NOT NULL
) ENGINE=InnoDB DEFAULT CHARSET=utf8mb4 COLLATE=utf8mb4_general_ci;

--
-- Dumping data for table `work_shifts`
--

INSERT INTO `work_shifts` (`id`, `employee_id_input`, `project_id_input`, `start_day`, `start_time`, `end_day`, `end_time`, `file_path`) VALUES
(1, 9, 5, '2025-7-25', '04:25:00', '2025-7-26', '16:25:00', ''),
(2, 8, 5, '2025-7-26', '23:31:00', '2025-7-27', '23:31:00', ''),
(3, 3, 5, '2025-7-25', '00:36:00', '2025-7-31', '00:38:00', ''),
(4, 10, 6, '2025-7-31', '00:59:00', '2025-8-8', '00:59:00', ''),
(5, 9, 5, '2025-7-28', '21:12:00', '2025-7-31', '21:12:00', ''),
(6, 9, 4, '2025-7-29', '11:38:00', '2025-7-30', '11:38:00', ''),
(7, 9, 4, '2025-7-31', '11:39:00', '2025-8-1', '04:36:00', ''),
(8, 10, 4, '2025-7-29', '11:41:00', '2025-7-30', '11:41:00', ''),
(9, 8, 5, '2025-7-29', '11:43:00', '2025-7-30', '11:43:00', ''),
(10, 9, 5, '2025-8-2', '11:45:00', '2025-8-4', '11:43:00', ''),
(11, 9, 6, '2025-7-30', '12:39:00', '2025-7-30', '12:37:00', ''),
(12, 9, 6, '2025-7-31', '12:39:00', '2025-7-31', '12:37:00', ''),
(13, 16, 3, '2025-08-01', '08:00:00', '2025-08-01', '20:00:00', ''),
(14, 17, 4, '2025-08-01', '07:00:00', '2025-08-01', '19:00:00', ''),
(15, 18, 5, '2025-08-02', '09:00:00', '2025-08-02', '21:00:00', ''),
(16, 19, 6, '2025-08-02', '06:00:00', '2025-08-02', '18:00:00', ''),
(17, 20, 7, '2025-08-03', '10:00:00', '2025-08-03', '22:00:00', ''),
(18, 21, 8, '2025-08-03', '07:30:00', '2025-08-03', '19:30:00', ''),
(19, 22, 9, '2025-08-04', '11:00:00', '2025-08-04', '23:00:00', ''),
(20, 23, 16, '2025-08-04', '08:00:00', '2025-08-04', '20:00:00', ''),
(21, 24, 11, '2025-08-05', '06:00:00', '2025-08-05', '18:00:00', ''),
(22, 25, 12, '2025-08-05', '07:00:00', '2025-08-05', '19:00:00', ''),
(23, 26, 13, '2025-08-06', '09:00:00', '2025-08-06', '21:00:00', ''),
(24, 27, 14, '2025-08-06', '10:00:00', '2025-08-06', '22:00:00', ''),
(25, 15, 15, '2025-08-07', '08:00:00', '2025-08-07', '20:00:00', ''),
(26, 16, 16, '2025-08-07', '07:00:00', '2025-08-07', '19:00:00', ''),
(27, 17, 3, '2025-08-08', '09:00:00', '2025-08-08', '21:00:00', ''),
(28, 22, 14, '2025-12-23', '03:10:00', '2025-8-1', '03:12:00', ''),
(29, 22, 14, '2025-12-15', '20:45:00', '2025-08-08', '06:30:00', ''),
(30, 22, 14, '2025-12-16', '11:45:00', '2025-08-05', '01:45:00', ''),
(31, 22, 14, '2025-12-17', '09:00:00', '2025-08-06', '18:00:00', ''),
(32, 22, 14, '2025-12-18', '16:00:00', '2025-08-03', '03:00:00', ''),
(33, 22, 14, '2025-12-19', '09:45:00', '2025-08-10', '14:30:00', ''),
(34, 22, 14, '2025-12-20', '07:15:00', '2025-08-01', '19:00:00', ''),
(35, 22, 14, '2025-12-21', '06:30:00', '2025-08-05', '13:00:00', ''),
(36, 22, 14, '2025-12-22', '14:00:00', '2025-08-03', '22:30:00', ''),
(37, 22, 14, '2025-12-23', '18:30:00', '2025-08-18', '10:00:00', ''),
(38, 22, 14, '2025-08-14', '10:15:00', '2025-08-14', '20:00:00', ''),
(39, 22, 14, '2025-08-03', '04:15:00', '2025-08-03', '16:00:00', ''),
(40, 20, 14, '2025-08-08', '06:00:00', '2025-08-08', '15:00:00', ''),
(41, 20, 14, '2025-08-09', '08:00:00', '2025-08-09', '20:00:00', ''),
(42, 20, 14, '2025-08-10', '07:00:00', '2025-08-10', '18:00:00', ''),
(43, 20, 14, '2025-08-11', '06:30:00', '2025-08-11', '17:30:00', ''),
(44, 20, 14, '2025-08-12', '09:00:00', '2025-08-12', '21:00:00', ''),
(45, 20, 14, '2025-08-13', '07:00:00', '2025-08-13', '19:00:00', ''),
(46, 20, 14, '2025-08-14', '10:00:00', '2025-08-14', '20:00:00', ''),
(47, 20, 14, '2025-08-15', '08:30:00', '2025-08-15', '19:00:00', ''),
(48, 20, 14, '2025-08-05', '06:45:00', '2025-08-05', '12:30:00', ''),
(49, 20, 14, '2025-08-16', '13:00:00', '2025-08-16', '23:30:00', ''),
(50, 18, 14, '2025-08-17', '05:45:00', '2025-08-17', '15:00:00', ''),
(51, 18, 14, '2025-08-18', '07:00:00', '2025-08-18', '16:00:00', ''),
(52, 18, 14, '2025-08-19', '08:00:00', '2025-08-19', '20:00:00', ''),
(53, 18, 14, '2025-08-20', '09:00:00', '2025-08-20', '21:00:00', ''),
(54, 18, 14, '2025-08-21', '06:00:00', '2025-08-21', '18:00:00', ''),
(55, 18, 14, '2025-08-22', '07:00:00', '2025-08-22', '19:00:00', ''),
(56, 18, 14, '2025-08-23', '08:00:00', '2025-08-23', '20:00:00', ''),
(57, 18, 14, '2025-08-24', '09:00:00', '2025-08-24', '21:00:00', ''),
(58, 18, 14, '2025-08-25', '06:00:00', '2025-08-25', '17:00:00', ''),
(59, 18, 14, '2025-08-26', '07:00:00', '2025-08-26', '18:00:00', ''),
(60, 18, 14, '2025-08-27', '08:00:00', '2025-08-27', '19:00:00', ''),
(61, 18, 14, '2025-08-28', '09:00:00', '2025-08-28', '20:00:00', ''),
(62, 18, 14, '2025-08-29', '10:00:00', '2025-08-29', '21:00:00', ''),
(63, 18, 14, '2025-08-30', '11:00:00', '2025-08-30', '22:00:00', ''),
(64, 18, 14, '2025-08-31', '12:00:00', '2025-08-31', '23:00:00', ''),
(65, 18, 14, '2025-09-01', '13:00:00', '2025-09-01', '23:59:00', ''),
(66, 18, 14, '2025-09-02', '06:00:00', '2025-09-02', '16:00:00', ''),
(67, 18, 14, '2025-09-03', '07:00:00', '2025-09-03', '17:00:00', ''),
(68, 18, 14, '2025-09-04', '08:00:00', '2025-09-04', '18:00:00', ''),
(69, 18, 14, '2025-09-05', '09:00:00', '2025-09-05', '19:00:00', ''),
(70, 18, 14, '2025-09-06', '10:00:00', '2025-09-06', '20:00:00', ''),
(71, 18, 14, '2025-09-07', '11:00:00', '2025-09-07', '21:00:00', ''),
(72, 18, 14, '2025-09-08', '12:00:00', '2025-09-08', '22:00:00', ''),
(73, 18, 14, '2025-09-09', '13:00:00', '2025-09-09', '23:00:00', ''),
(74, 18, 14, '2025-09-10', '06:30:00', '2025-09-10', '14:30:00', ''),
(75, 18, 14, '2025-09-11', '07:30:00', '2025-09-11', '15:30:00', ''),
(76, 18, 14, '2025-09-12', '08:30:00', '2025-09-12', '16:30:00', ''),
(77, 18, 14, '2025-09-13', '09:30:00', '2025-09-13', '17:30:00', ''),
(78, 18, 14, '2025-09-14', '10:30:00', '2025-09-14', '18:30:00', ''),
(79, 18, 14, '2025-09-15', '11:30:00', '2025-09-15', '19:30:00', ''),
(80, 18, 14, '2025-09-16', '12:30:00', '2025-09-16', '20:30:00', ''),
(81, 18, 14, '2025-09-17', '13:30:00', '2025-09-17', '21:30:00', ''),
(82, 18, 14, '2025-09-18', '14:30:00', '2025-09-18', '22:30:00', ''),
(83, 18, 14, '2025-09-19', '15:30:00', '2025-09-19', '23:30:00', ''),
(84, 20, 14, '2025-8-5', '19:33:00', '2025-8-6', '19:34:00', ''),
(85, 24, 6, '2025-8-8', '00:01:00', '2025-8-8', '23:59:00', ''),
(86, 26, 6, '2025-8-9', '12:00:00', '2025-8-10', '12:00:00', ''),
(87, 12, 6, '2025-8-8', '00:00:00', '2025-8-8', '12:00:00', ''),
(88, 20, 14, '2025-8-19', '22:00:00', '2025-8-21', '17:00:00', ''),
(89, 9, 4, '2025-8-24', '17:00:00', '2025-8-25', '13:00:00', 'obxod/9.jpg'),
(90, 10, 6, '2025-8-23', '12:00:00', '2025-8-24', '12:00:00', 'obxod/10_2025-08-23_-17-51.jpg'),
(91, 15, 6, '2025-8-23', '12:00:00', '2025-8-24', '12:00:00', 'obxod/id15-DT2025-08-23-T-18-02.jpg'),
(92, 26, 6, '2025-8-23', '12:00:00', '2025-8-24', '12:00:00', 'obxod/id26-DT2025-08-23-T-18-28.jpg'),
(93, 26, 6, '2025-8-23', '12:00:00', '2025-8-24', '12:00:00', 'obxod/id26-DT2025-08-23-T-18-37.jpg'),
(94, 20, 14, '2025-8-23', '12:00:00', '2025-8-24', '12:00:00', 'obxod/id20-DT2025-08-23-T-18-39.jpg'),
(95, 20, 14, '2025-8-23', '18:00:00', '2025-8-25', '18:00:00', 'obxod/id20-DT2025-08-23-T-18-42.jpg'),
(96, 26, 6, '2025-8-23', '12:00:00', '2025-8-24', '12:00:00', 'obxod/id26-DT2025-08-23-T-19-23.jpg'),
(97, 20, 14, '2025-8-31', '12:00:00', '2025-9-1', '12:00:00', 'obxod/id20-DT2025-08-31-T-16-27.jpg'),
(98, 10, 4, '2025-9-7', '23:55:00', '2025-9-8', '23:51:00', 'obxod/id10-DT2025-09-07-T-16-06.jpg'),
(99, 9, 4, '2025-9-7', '14:00:00', '2025-9-7', '16:50:00', 'obxod/id9-DT2025-09-07-T-16-17.jpg'),
(100, 32, 4, '2025-9-7', '08:00:00', '2025-9-8', '08:00:00', 'obxod/id32-DT2025-09-07-T-16-24.jpg'),
(101, 15, 9, '2025-9-7', '24:00', '2025-9-8', '12:00:00', 'obxod/id15-DT2025-09-07-T-17-34.jpg'),
(102, 32, 4, '2025-9-7', '08:00', '2025-9-9', '09:45:00', 'obxod/id32-DT2025-09-07-T-17-41.jpg'),
(103, 32, 4, '2025-9-7', '08:00', '2025-9-7', '21:43:00', 'obxod/id32-DT2025-09-07-T-17-43.jpg'),
(104, 8, 4, '2025-9-8', '08:00', '2025-9-8', '20:00:00', 'obxod/id8-DT2025-09-07-T-18-19.jpg'),
(105, 11, 7, '2025-9-8', '07:00', '2025-9-8', '19:00:00', 'obxod/id11-DT2025-09-07-T-19-51.jpg'),
(106, 11, 7, '2025-9-8', '07:00', '2025-9-8', '21:00:00', 'obxod/id11-DT2025-09-07-T-19-52.jpg'),
(107, 11, 7, '2025-9-8', '07:00', '2025-9-8', '19:00:00', 'obxod/id11-DT2025-09-07-T-20-05.jpg'),
(108, 20, 14, '2025-10-1', '08:00', '2025-10-1', '14:00:00', 'obxod/id20-DT2025-10-01-T-21-46.jpg'),
(109, 23, 15, '2025-10-2', '07:00', '2025-10-3', '07:00:00', 'obxod/id23-DT2025-10-01-T-21-51.jpg'),
(110, 21, 15, '2025-10-1', '07:00', '2025-10-1', '19:00:00', 'obxod/id21-DT2025-10-01-T-21-52.jpg');

--
-- Indexes for dumped tables
--

--
-- Indexes for table `employee`
--
ALTER TABLE `employee`
  ADD PRIMARY KEY (`id`);

--
-- Indexes for table `list_points_checkd`
--
ALTER TABLE `list_points_checkd`
  ADD PRIMARY KEY (`id`);

--
-- Indexes for table `points_chick`
--
ALTER TABLE `points_chick`
  ADD PRIMARY KEY (`id`);

--
-- Indexes for table `project_guards`
--
ALTER TABLE `project_guards`
  ADD PRIMARY KEY (`id`),
  ADD KEY `con1` (`employee_id`),
  ADD KEY `con2` (`project_id`);

--
-- Indexes for table `projuct`
--
ALTER TABLE `projuct`
  ADD PRIMARY KEY (`id`);

--
-- Indexes for table `salary_history`
--
ALTER TABLE `salary_history`
  ADD PRIMARY KEY (`id`);

--
-- Indexes for table `users`
--
ALTER TABLE `users`
  ADD PRIMARY KEY (`id`);

--
-- Indexes for table `work_shifts`
--
ALTER TABLE `work_shifts`
  ADD PRIMARY KEY (`id`);

--
-- AUTO_INCREMENT for dumped tables
--

--
-- AUTO_INCREMENT for table `employee`
--
ALTER TABLE `employee`
  MODIFY `id` int(255) NOT NULL AUTO_INCREMENT, AUTO_INCREMENT=38;

--
-- AUTO_INCREMENT for table `list_points_checkd`
--
ALTER TABLE `list_points_checkd`
  MODIFY `id` int(11) NOT NULL AUTO_INCREMENT, AUTO_INCREMENT=13;

--
-- AUTO_INCREMENT for table `points_chick`
--
ALTER TABLE `points_chick`
  MODIFY `id` int(11) NOT NULL AUTO_INCREMENT, AUTO_INCREMENT=8;

--
-- AUTO_INCREMENT for table `project_guards`
--
ALTER TABLE `project_guards`
  MODIFY `id` int(11) NOT NULL AUTO_INCREMENT, AUTO_INCREMENT=88;

--
-- AUTO_INCREMENT for table `projuct`
--
ALTER TABLE `projuct`
  MODIFY `id` int(255) NOT NULL AUTO_INCREMENT, AUTO_INCREMENT=19;

--
-- AUTO_INCREMENT for table `salary_history`
--
ALTER TABLE `salary_history`
  MODIFY `id` int(11) NOT NULL AUTO_INCREMENT, AUTO_INCREMENT=17;

--
-- AUTO_INCREMENT for table `users`
--
ALTER TABLE `users`
  MODIFY `id` int(11) NOT NULL AUTO_INCREMENT, AUTO_INCREMENT=4;

--
-- AUTO_INCREMENT for table `work_shifts`
--
ALTER TABLE `work_shifts`
  MODIFY `id` int(11) NOT NULL AUTO_INCREMENT, AUTO_INCREMENT=111;

--
-- Constraints for dumped tables
--

--
-- Constraints for table `project_guards`
--
ALTER TABLE `project_guards`
  ADD CONSTRAINT `con1` FOREIGN KEY (`employee_id`) REFERENCES `employee` (`id`),
  ADD CONSTRAINT `con2` FOREIGN KEY (`project_id`) REFERENCES `projuct` (`id`);
COMMIT;

/*!40101 SET CHARACTER_SET_CLIENT=@OLD_CHARACTER_SET_CLIENT */;
/*!40101 SET CHARACTER_SET_RESULTS=@OLD_CHARACTER_SET_RESULTS */;
/*!40101 SET COLLATION_CONNECTION=@OLD_COLLATION_CONNECTION */;
